{
  "overall": {
    "accuracy": 0.9722222089767456,
    "precision": 0.9724590605931602,
    "recall": 0.9722222222222222,
    "f1": 0.9722832438913588
  },
  "per_class": {
    "Early Blight": {
      "precision": 0.984,
      "recall": 0.968503937007874,
      "f1": 0.9761904761904762,
      "support": 127.0
    },
    "Healthy": {
      "precision": 0.92,
      "recall": 0.9583333333333334,
      "f1": 0.9387755102040817,
      "support": 24.0
    },
    "Late Blight": {
      "precision": 0.9712643678160919,
      "recall": 0.976878612716763,
      "f1": 0.9740634005763689,
      "support": 173.0
    }
  },
  "confusion_matrix": {
    "matrix": [
      [
        123,
        0,
        4
      ],
      [
        0,
        23,
        1
      ],
      [
        2,
        2,
        169
      ]
    ],
    "class_names": [
      "Early Blight",
      "Healthy",
      "Late Blight"
    ]
  },
  "training_history": {
    "accuracy": [
      0.737051784992218,
      0.8685259222984314,
      0.8877822160720825,
      0.9063745141029358,
      0.899734377861023,
      0.9176626801490784,
      0.9276228547096252,
      0.8605577945709229,
      0.9030544757843018,
      0.9302788972854614,
      0.9409030675888062,
      0.9482071995735168,
      0.9521912336349487,
      0.9442231059074402,
      0.9575033187866211,
      0.958167314529419,
      0.9634793996810913
    ],
    "val_accuracy": [
      0.7267080545425415,
      0.9037266969680786,
      0.8726708292961121,
      0.8695651888847351,
      0.8416149020195007,
      0.9006211161613464,
      0.8944099545478821,
      0.9503105878829956,
      0.9906832575798035,
      0.9875776171684265,
      0.95652174949646,
      0.9192546606063843,
      0.8757764101028442,
      0.9254658222198486,
      0.9658384919166565,
      0.9751552939414978,
      0.9813664555549622
    ],
    "loss": [
      0.7476121187210083,
      0.3564055860042572,
      0.2804880738258362,
      0.24381013214588165,
      0.27150842547416687,
      0.21755318343639374,
      0.17588694393634796,
      0.3944496214389801,
      0.23751762509346008,
      0.17207174003124237,
      0.14007994532585144,
      0.12907631695270538,
      0.11738957464694977,
      0.1504800021648407,
      0.10288554430007935,
      0.107426717877388,
      0.0921567752957344
    ],
    "val_loss": [
      0.5806245803833008,
      0.2515355348587036,
      0.27957990765571594,
      0.3302622437477112,
      0.35816338658332825,
      0.2607247829437256,
      0.2211688756942749,
      0.15023140609264374,
      0.05142221972346306,
      0.059612564742565155,
      0.1243266686797142,
      0.23147903382778168,
      0.3874376714229584,
      0.2379767894744873,
      0.10064306110143661,
      0.07121055573225021,
      0.05388016998767853
    ]
  },
  "dataset_info": {
    "total_samples": 2152,
    "train_samples": 1506,
    "val_samples": 322,
    "test_samples": 324,
    "classes": [
      "Early Blight",
      "Healthy",
      "Late Blight"
    ],
    "class_counts": {
      "Early Blight": 1000,
      "Healthy": 152,
      "Late Blight": 1000
    }
  },
  "model_info": {
    "architecture": "MobileNetV2 Transfer Learning (fine-tuned top 30 layers)",
    "input_size": "224x224x3",
    "parameters": 2619203,
    "epochs_trained": 17,
    "optimizer": "Adam",
    "loss": "Sparse Categorical Crossentropy",
    "augmentation": "Heavy: brightness/contrast/saturation/hue jitter, random crop, Gaussian noise"
  }
}